"","ID","T_measurement","Vcmax","Jmax","Rd","TPU","Vcmax_SE","Jmax_SE","Rd_SE","TPU_SE","file"
"nick_smith.csv.92","Betula alleghaniensis_r3_35",23,33.7297557638436,52.9168487243739,1.19585368023596,NA,2.04473538367852,NA,0.187200146018863,NA,"nick_smith.csv"
"nick_smith.csv.113","Betula alleghaniensis_r3_35",32,53.3199219179878,81.7492213892072,0.0599592213940266,5.79089580713134,6.41064658921162,NA,0.81526177182451,NA,"nick_smith.csv"
"nick_smith.csv.116","Betula alleghaniensis_r3_35",35,84.3688132227058,99.0288585198805,0.112433701232666,6.10503802041089,4.96604429224769,NA,0.446913610250828,NA,"nick_smith.csv"
"nick_smith.csv.131","Betula alleghaniensis_r3_35",41,96.4619033005707,98.7518007769207,0.20787513719514,NA,3.64918770666812,NA,0.269487410869262,NA,"nick_smith.csv"
"nick_smith.csv.146","Betula alleghaniensis_r3_35",50,79.6664393401734,75.7485449736605,0.545004259348758,NA,2.58632506301971,NA,0.185841758284898,NA,"nick_smith.csv"
