"","ID","T_measurement","Vcmax","Jmax","Rd","TPU","Vcmax_SE","Jmax_SE","Rd_SE","TPU_SE","file"
"nick_smith.csv.380","Elymus canadensis_r1_25",14,18.1373808502557,62.726586252339,0.401397105302052,NA,1.43208038318118,NA,0.667122379688074,NA,"nick_smith.csv"
"nick_smith.csv.407","Elymus canadensis_r1_25",23,37.8051744650721,71.9017056827877,0.418739156224348,NA,2.57791576332151,NA,0.492796711755591,NA,"nick_smith.csv"
"nick_smith.csv.431","Elymus canadensis_r1_25",32,71.1157790269664,72.198461466417,0.584653178986022,3.53655105966201,10.6151094415172,NA,0.834170265263786,NA,"nick_smith.csv"
"nick_smith.csv.453","Elymus canadensis_r1_25",41,67.3271427719079,62.6035631359101,1.07706567957195,NA,3.03074717045247,NA,0.204312438636178,NA,"nick_smith.csv"
"nick_smith.csv.472","Elymus canadensis_r1_25",50,35.070346115928,31.9199103150795,1.72253101416893,NA,3.5210243778736,NA,0.224474458574791,NA,"nick_smith.csv"
